{
    "step": 0,
    "signals": [
        4068.2905464520277,
        -3282.6405009993405,
        -66358.9063037574,
        -169523.01610382125,
        -34432.23021031281,
        114077.01083673377,
        121836.01157379923,
        -156009.0148200601,
        -219324.56210129696,
        124896.01186448363,
        -43163.20410028408,
        -61817.205872319035,
        -172681.01640381516,
        -48760.904632037054,
        93575.6088892052,
        55408.90526356318,
        -116278.01104581755,
        -198943.4660715925,
        153021.01453621534,
        -43447.70412731013
    ]
}